LoanID,CustomerID,LoanAmount,LoanType,InterestRate,LoanDate,LoanStatus
1,150,761399.00,"Personal Loan",9.51,2025-03-18,Pending
2,13,772363.00,"Personal Loan",11.61,2024-07-30,Pending
3,222,1209997.00,"Education Loan",14.53,2024-09-24,Closed
4,169,941090.00,"Home Loan",10.81,2023-06-22,Pending
5,29,1071534.00,"Car Loan",12.21,2023-06-27,Approved
6,290,1204245.00,"Car Loan",13.50,2023-11-06,Approved
7,188,94272.00,"Home Loan",7.38,2023-05-19,Pending
8,333,706276.00,"Car Loan",14.78,2023-02-28,Pending
9,420,1457483.00,"Car Loan",13.27,2025-03-23,Approved
10,46,1464977.00,"Education Loan",7.84,2024-09-27,Approved
11,474,194384.00,"Education Loan",14.81,2025-04-03,Pending
12,246,798469.00,"Home Loan",14.85,2024-06-13,Closed
13,112,230698.00,"Business Loan",10.11,2023-03-19,Approved
14,34,827208.00,"Personal Loan",13.39,2024-05-11,Pending
15,73,985230.00,"Education Loan",7.13,2024-09-30,Pending
16,184,535335.00,"Personal Loan",13.96,2024-07-15,Pending
17,344,1354112.00,"Personal Loan",10.85,2023-03-29,Approved
18,465,789803.00,"Education Loan",9.37,2023-06-17,Approved
19,327,247062.00,"Education Loan",8.61,2025-01-25,Pending
20,231,793209.00,"Home Loan",10.01,2023-10-25,Pending
21,320,948591.00,"Home Loan",7.30,2024-08-05,Approved
22,346,164116.00,"Car Loan",9.82,2024-12-29,Closed
23,264,1010325.00,"Education Loan",12.29,2023-04-17,Pending
24,336,837815.00,"Education Loan",14.02,2023-09-14,Closed
25,48,199971.00,"Car Loan",13.86,2024-06-13,Pending
26,39,449669.00,"Home Loan",14.38,2023-05-29,Approved
27,395,1170920.00,"Personal Loan",8.41,2023-12-12,Pending
28,401,1254469.00,"Education Loan",9.16,2023-03-24,Pending
29,482,1310789.00,"Personal Loan",12.57,2023-03-30,Pending
30,356,559642.00,"Education Loan",7.56,2024-03-04,Approved
31,212,928727.00,"Education Loan",14.85,2024-07-15,Approved
32,11,872976.00,"Education Loan",8.41,2024-05-13,Approved
33,275,70051.00,"Personal Loan",7.67,2023-05-08,Pending
34,439,1498693.00,"Car Loan",13.71,2023-03-22,Closed
35,201,343849.00,"Business Loan",10.55,2024-12-11,Pending
36,356,1071485.00,"Car Loan",13.73,2023-02-02,Pending
37,81,1279679.00,"Education Loan",8.82,2025-02-27,Closed
38,429,330695.00,"Car Loan",10.24,2025-01-17,Closed
39,108,409698.00,"Personal Loan",8.92,2024-01-05,Approved
40,211,220597.00,"Car Loan",9.09,2023-10-31,Closed
41,250,1188856.00,"Personal Loan",13.45,2024-10-22,Approved
42,25,766140.00,"Car Loan",8.07,2024-09-21,Approved
43,195,1000682.00,"Home Loan",11.61,2024-05-14,Approved
44,281,1017832.00,"Education Loan",9.23,2024-01-16,Approved
45,65,1214317.00,"Education Loan",12.94,2025-01-10,Closed
46,477,209886.00,"Education Loan",8.12,2024-07-09,Pending
47,238,600752.00,"Personal Loan",8.84,2024-10-17,Closed
48,287,66840.00,"Car Loan",12.25,2023-08-26,Pending
49,487,1224381.00,"Home Loan",8.68,2024-08-20,Closed
50,236,450186.00,"Business Loan",7.07,2023-05-09,Closed
51,8,58108.00,"Business Loan",14.26,2024-06-06,Approved
52,84,473973.00,"Business Loan",14.35,2024-10-07,Closed
53,496,725612.00,"Car Loan",10.19,2025-04-04,Pending
54,85,1059107.00,"Business Loan",13.18,2025-04-29,Pending
55,96,1124929.00,"Home Loan",10.54,2025-01-03,Closed
56,138,262682.00,"Business Loan",7.74,2024-10-29,Pending
57,469,612731.00,"Home Loan",10.85,2023-01-16,Pending
58,83,1346846.00,"Business Loan",8.63,2023-03-20,Closed
59,427,1206109.00,"Personal Loan",12.96,2024-02-02,Closed
60,269,1167885.00,"Car Loan",14.18,2024-11-17,Approved
61,161,400436.00,"Car Loan",10.93,2024-10-16,Approved
62,317,1034125.00,"Personal Loan",10.41,2024-08-10,Closed
63,485,1341058.00,"Personal Loan",7.38,2024-07-01,Closed
64,330,928112.00,"Home Loan",10.49,2023-01-27,Closed
65,54,72721.00,"Education Loan",12.97,2024-02-14,Approved
66,407,1445474.00,"Car Loan",14.72,2024-10-02,Pending
67,94,1416340.00,"Home Loan",14.40,2023-06-04,Approved
68,453,448776.00,"Education Loan",10.76,2023-12-01,Pending
69,68,520265.00,"Car Loan",7.89,2025-03-25,Approved
70,124,999335.00,"Personal Loan",12.67,2025-04-24,Pending
71,9,611678.00,"Business Loan",9.09,2024-08-12,Pending
72,240,1397783.00,"Car Loan",9.10,2024-09-03,Pending
73,9,421132.00,"Car Loan",9.90,2023-04-30,Pending
74,240,1025458.00,"Business Loan",11.83,2023-08-10,Pending
75,182,854414.00,"Education Loan",13.05,2024-10-15,Pending
76,324,255612.00,"Education Loan",10.24,2024-10-17,Pending
77,473,695885.00,"Car Loan",12.04,2025-05-20,Closed
78,423,598652.00,"Car Loan",12.14,2023-05-12,Closed
79,290,750609.00,"Education Loan",14.59,2024-09-27,Closed
80,147,653352.00,"Car Loan",13.15,2023-07-29,Closed
81,294,581366.00,"Home Loan",9.00,2023-02-04,Pending
82,55,356352.00,"Education Loan",7.06,2025-02-07,Approved
83,336,944889.00,"Home Loan",11.05,2023-10-11,Approved
84,168,785885.00,"Personal Loan",8.13,2023-04-05,Approved
85,105,1103096.00,"Home Loan",13.84,2023-08-20,Closed
86,412,1442092.00,"Car Loan",13.17,2025-02-15,Approved
87,213,214766.00,"Car Loan",8.08,2024-12-13,Pending
88,187,370568.00,"Business Loan",9.04,2023-10-21,Closed
89,175,263838.00,"Education Loan",7.09,2025-06-04,Closed
90,237,1077840.00,"Home Loan",11.05,2023-05-16,Approved
91,360,1338945.00,"Car Loan",13.28,2023-02-19,Closed
92,214,603695.00,"Education Loan",14.92,2023-03-04,Pending
93,339,413530.00,"Car Loan",9.97,2023-06-12,Closed
94,200,969911.00,"Business Loan",14.70,2025-03-14,Pending
95,100,446089.00,"Education Loan",7.08,2024-11-10,Closed
96,224,66604.00,"Education Loan",11.28,2024-04-26,Approved
97,375,826074.00,"Personal Loan",11.22,2023-11-19,Approved
98,481,314489.00,"Home Loan",11.83,2025-04-15,Closed
99,188,595362.00,"Education Loan",12.25,2023-01-12,Approved
100,211,1257544.00,"Business Loan",14.98,2023-09-18,Pending
101,207,1060987.00,"Car Loan",8.11,2025-05-09,Pending
102,461,829801.00,"Business Loan",7.03,2023-08-14,Approved
103,229,861077.00,"Personal Loan",10.60,2025-05-24,Pending
104,321,1021657.00,"Personal Loan",8.03,2023-11-21,Pending
105,498,1113066.00,"Education Loan",8.53,2025-04-10,Approved
106,218,128805.00,"Business Loan",12.31,2024-01-17,Approved
107,181,673107.00,"Home Loan",7.20,2025-04-24,Pending
108,129,691193.00,"Personal Loan",13.99,2023-02-13,Pending
109,482,1421998.00,"Business Loan",10.07,2023-12-13,Closed
110,359,423095.00,"Home Loan",14.37,2023-06-19,Approved
111,163,177138.00,"Personal Loan",7.54,2025-04-26,Pending
112,335,1284755.00,"Car Loan",12.58,2024-10-26,Pending
113,385,125989.00,"Business Loan",12.02,2023-08-27,Pending
114,213,1194124.00,"Education Loan",14.98,2025-05-20,Closed
115,166,220462.00,"Personal Loan",11.88,2023-09-05,Pending
116,445,1240302.00,"Personal Loan",12.68,2023-08-12,Approved
117,406,1091396.00,"Home Loan",12.16,2024-11-02,Closed
118,368,472451.00,"Car Loan",10.07,2023-05-29,Closed
119,433,497085.00,"Business Loan",13.50,2023-07-18,Pending
120,330,487705.00,"Personal Loan",13.08,2023-06-30,Closed
121,3,1302774.00,"Car Loan",14.40,2024-10-04,Closed
122,416,1172969.00,"Car Loan",11.51,2024-09-08,Closed
123,310,1341208.00,"Personal Loan",9.45,2024-10-31,Closed
124,387,716077.00,"Business Loan",11.17,2024-08-23,Closed
125,427,1434470.00,"Car Loan",8.63,2023-12-05,Approved
126,115,526946.00,"Business Loan",13.44,2023-05-18,Pending
127,137,525816.00,"Business Loan",7.95,2023-04-29,Approved
128,56,989174.00,"Business Loan",11.79,2023-09-01,Pending
129,479,230445.00,"Education Loan",10.06,2024-08-18,Approved
130,403,848668.00,"Car Loan",7.36,2023-07-06,Closed
131,440,1056592.00,"Business Loan",7.72,2025-04-30,Pending
132,224,1307597.00,"Business Loan",9.96,2025-02-18,Approved
133,254,1310797.00,"Business Loan",11.26,2023-06-09,Approved
134,455,1031720.00,"Education Loan",9.19,2023-12-15,Approved
135,201,1024905.00,"Home Loan",13.09,2023-11-04,Pending
136,43,279175.00,"Personal Loan",8.66,2024-01-19,Pending
137,139,1289965.00,"Personal Loan",12.15,2025-03-16,Pending
138,19,852729.00,"Education Loan",11.92,2023-04-09,Closed
139,89,1187738.00,"Car Loan",11.79,2025-01-12,Approved
140,77,1199581.00,"Personal Loan",8.06,2023-05-22,Pending
141,237,335036.00,"Personal Loan",8.87,2024-03-01,Pending
142,451,798066.00,"Business Loan",13.61,2024-04-01,Approved
143,382,987645.00,"Business Loan",13.18,2023-02-03,Closed
144,117,860660.00,"Home Loan",13.39,2024-09-28,Approved
145,291,756702.00,"Education Loan",14.95,2025-03-15,Pending
146,382,560197.00,"Personal Loan",9.27,2023-01-13,Approved
147,27,926415.00,"Business Loan",11.13,2025-06-02,Pending
148,425,301197.00,"Car Loan",7.51,2023-11-28,Pending
149,71,1144742.00,"Car Loan",11.05,2024-02-24,Closed
150,335,1360613.00,"Personal Loan",13.82,2024-10-14,Approved
151,78,888794.00,"Personal Loan",10.18,2024-09-30,Pending
152,317,204939.00,"Education Loan",13.90,2023-12-30,Pending
153,468,612863.00,"Home Loan",11.11,2023-05-27,Approved
154,432,778346.00,"Business Loan",7.92,2024-12-23,Closed
155,467,1009388.00,"Personal Loan",11.45,2023-08-19,Pending
156,147,965912.00,"Car Loan",10.91,2024-07-08,Pending
157,103,335489.00,"Car Loan",8.97,2023-04-26,Closed
158,70,1469693.00,"Personal Loan",10.66,2025-02-07,Closed
159,451,1255314.00,"Personal Loan",13.10,2024-02-19,Approved
160,340,571026.00,"Education Loan",12.77,2023-10-20,Pending
161,171,512049.00,"Personal Loan",14.06,2024-10-01,Closed
162,195,388112.00,"Business Loan",9.35,2024-02-29,Pending
163,491,729023.00,"Car Loan",11.66,2024-10-08,Closed
164,33,1200535.00,"Education Loan",10.86,2023-03-25,Approved
165,405,1493122.00,"Personal Loan",13.01,2023-04-15,Approved
166,145,717150.00,"Personal Loan",13.34,2024-08-15,Closed
167,303,450991.00,"Personal Loan",7.06,2023-10-31,Pending
168,154,840887.00,"Business Loan",10.09,2024-04-11,Pending
169,307,1151301.00,"Business Loan",11.23,2024-11-14,Approved
170,392,450259.00,"Home Loan",9.67,2024-05-27,Closed
171,261,147126.00,"Education Loan",12.30,2025-06-15,Closed
172,482,1272973.00,"Car Loan",7.93,2024-06-16,Pending
173,142,886840.00,"Home Loan",10.69,2023-06-20,Pending
174,132,942817.00,"Car Loan",11.80,2023-04-27,Closed
175,428,1111747.00,"Home Loan",9.18,2023-03-17,Pending
176,372,1383791.00,"Car Loan",7.70,2023-10-25,Pending
177,478,927563.00,"Home Loan",14.97,2024-03-20,Pending
178,457,234561.00,"Business Loan",7.89,2025-02-15,Closed
179,148,835667.00,"Business Loan",11.08,2023-03-02,Closed
180,415,1099855.00,"Home Loan",11.04,2023-04-15,Approved
181,496,1134639.00,"Education Loan",11.82,2024-09-25,Closed
182,231,277491.00,"Personal Loan",11.39,2024-04-23,Approved
183,236,509827.00,"Home Loan",14.23,2023-01-08,Approved
184,307,175870.00,"Personal Loan",12.60,2024-10-14,Pending
185,228,1063107.00,"Home Loan",11.30,2023-10-03,Closed
186,340,968241.00,"Home Loan",13.06,2023-12-21,Closed
187,147,603058.00,"Home Loan",14.96,2025-03-11,Pending
188,323,1264536.00,"Car Loan",13.01,2023-01-01,Closed
189,367,666106.00,"Business Loan",9.81,2025-05-30,Closed
190,133,1212739.00,"Car Loan",12.41,2024-10-22,Pending
191,495,100955.00,"Car Loan",14.40,2023-01-05,Approved
192,119,677587.00,"Personal Loan",14.77,2024-03-23,Pending
193,176,125346.00,"Car Loan",13.98,2024-11-01,Approved
194,157,389602.00,"Car Loan",10.69,2024-07-02,Pending
195,239,639413.00,"Personal Loan",13.19,2023-03-07,Approved
196,500,1300295.00,"Car Loan",14.93,2023-01-11,Approved
197,190,991222.00,"Home Loan",11.70,2024-07-07,Approved
198,366,1082574.00,"Car Loan",12.52,2023-11-13,Closed
199,198,1366888.00,"Car Loan",7.35,2023-05-25,Closed
200,430,477054.00,"Business Loan",11.67,2023-08-01,Pending
201,225,1426543.00,"Personal Loan",8.23,2024-05-26,Pending
202,95,1222396.00,"Personal Loan",14.64,2023-11-09,Closed
203,161,1479596.00,"Business Loan",14.02,2024-03-13,Closed
204,267,445096.00,"Education Loan",14.93,2024-08-27,Pending
205,458,655652.00,"Car Loan",10.67,2023-08-28,Closed
206,490,94219.00,"Car Loan",14.82,2023-08-12,Approved
207,396,95264.00,"Education Loan",13.64,2024-12-17,Pending
208,35,1310659.00,"Home Loan",7.76,2023-02-15,Closed
209,350,898355.00,"Business Loan",10.07,2024-01-28,Approved
210,415,146092.00,"Business Loan",7.10,2024-04-26,Pending
211,296,103279.00,"Personal Loan",14.55,2024-03-13,Pending
212,267,1308040.00,"Education Loan",7.83,2023-09-22,Approved
213,458,185398.00,"Education Loan",9.73,2024-04-24,Pending
214,301,174474.00,"Education Loan",13.99,2024-03-14,Closed
215,316,1059103.00,"Personal Loan",13.84,2024-04-01,Closed
216,174,1228372.00,"Home Loan",12.41,2023-10-07,Pending
217,345,1318395.00,"Car Loan",14.24,2024-06-28,Approved
218,370,1153574.00,"Personal Loan",12.33,2024-05-17,Closed
219,155,276363.00,"Business Loan",13.33,2023-12-27,Pending
220,476,1299073.00,"Personal Loan",12.53,2023-03-21,Pending
221,295,1252867.00,"Car Loan",10.39,2025-05-25,Pending
222,21,674823.00,"Home Loan",13.88,2023-07-05,Pending
223,318,1241376.00,"Car Loan",11.47,2023-06-09,Approved
224,262,1477726.00,"Car Loan",13.48,2025-06-09,Pending
225,310,840324.00,"Business Loan",12.60,2025-03-18,Pending
226,126,183639.00,"Education Loan",9.01,2023-05-05,Closed
227,135,832261.00,"Business Loan",13.56,2024-01-29,Closed
228,161,661107.00,"Home Loan",10.76,2025-03-28,Approved
229,465,420699.00,"Personal Loan",12.45,2025-04-24,Pending
230,209,264747.00,"Personal Loan",14.97,2024-04-11,Pending
231,230,748813.00,"Home Loan",12.86,2024-05-14,Pending
232,117,671956.00,"Personal Loan",14.43,2023-10-12,Closed
233,7,1052673.00,"Personal Loan",7.06,2024-12-12,Closed
234,135,862300.00,"Business Loan",9.34,2024-03-04,Pending
235,49,1460367.00,"Personal Loan",14.47,2025-05-09,Closed
236,9,277196.00,"Education Loan",8.50,2024-10-31,Approved
237,273,429303.00,"Education Loan",11.58,2025-02-02,Pending
238,39,1232485.00,"Business Loan",13.18,2023-10-26,Pending
239,354,792414.00,"Personal Loan",12.32,2023-01-07,Approved
240,83,1083005.00,"Home Loan",8.63,2025-01-01,Pending
241,411,1135244.00,"Car Loan",8.26,2025-04-29,Approved
242,202,451914.00,"Home Loan",7.36,2024-09-20,Pending
243,346,605924.00,"Business Loan",7.56,2025-01-04,Closed
244,459,1450295.00,"Home Loan",10.91,2023-07-11,Pending
245,177,1457321.00,"Education Loan",7.44,2025-03-14,Approved
246,411,346201.00,"Personal Loan",8.47,2023-08-06,Pending
247,277,1207958.00,"Car Loan",9.19,2023-11-28,Approved
248,2,1424481.00,"Education Loan",13.51,2025-02-25,Closed
249,10,505210.00,"Personal Loan",11.88,2024-04-14,Closed
250,155,370580.00,"Home Loan",8.84,2024-07-06,Pending
251,33,308532.00,"Education Loan",14.63,2024-08-31,Pending
252,287,491626.00,"Business Loan",7.82,2023-04-01,Approved
253,342,1241418.00,"Home Loan",13.72,2023-01-17,Pending
254,399,443332.00,"Business Loan",7.18,2023-07-08,Closed
255,139,695061.00,"Car Loan",11.97,2025-04-17,Closed
256,77,622949.00,"Personal Loan",10.29,2024-03-24,Approved
257,402,386673.00,"Education Loan",7.59,2023-04-08,Approved
258,138,650843.00,"Car Loan",14.94,2023-07-17,Approved
259,472,569977.00,"Business Loan",12.84,2024-11-20,Pending
260,456,964649.00,"Personal Loan",8.65,2024-11-24,Approved
261,429,902819.00,"Car Loan",7.57,2023-08-18,Approved
262,276,865688.00,"Home Loan",7.94,2023-04-04,Approved
263,265,252222.00,"Home Loan",8.09,2023-11-08,Approved
264,292,1420501.00,"Business Loan",7.30,2023-08-24,Approved
265,99,629133.00,"Personal Loan",13.57,2025-03-13,Closed
266,157,883701.00,"Business Loan",14.54,2025-04-02,Closed
267,480,879317.00,"Business Loan",8.66,2023-03-19,Closed
268,382,633055.00,"Education Loan",10.24,2025-02-11,Approved
269,407,1250311.00,"Education Loan",7.24,2023-02-08,Approved
270,247,178532.00,"Business Loan",11.53,2025-04-17,Closed
271,493,140758.00,"Car Loan",11.71,2025-03-01,Pending
272,247,904769.00,"Personal Loan",11.55,2024-02-01,Pending
273,81,503220.00,"Home Loan",10.78,2023-04-14,Approved
274,229,1207992.00,"Education Loan",12.83,2024-11-25,Closed
275,17,271232.00,"Education Loan",14.00,2023-12-06,Approved
276,83,112991.00,"Education Loan",10.95,2023-09-23,Closed
277,45,718924.00,"Home Loan",13.47,2025-04-16,Approved
278,158,1370980.00,"Education Loan",9.59,2024-12-05,Closed
279,187,97400.00,"Home Loan",7.98,2024-03-05,Approved
280,339,509492.00,"Personal Loan",13.60,2024-02-18,Closed
281,363,285126.00,"Education Loan",12.59,2024-06-06,Closed
282,145,91351.00,"Car Loan",9.31,2024-07-11,Approved
283,146,1159193.00,"Business Loan",10.74,2024-03-06,Closed
284,264,997368.00,"Education Loan",10.85,2023-11-02,Approved
285,132,845517.00,"Business Loan",7.91,2024-10-04,Approved
286,2,521405.00,"Education Loan",7.93,2024-10-14,Approved
287,101,308553.00,"Car Loan",14.32,2024-09-26,Closed
288,391,874087.00,"Personal Loan",13.29,2024-01-29,Closed
289,416,1025173.00,"Business Loan",9.54,2025-06-04,Closed
290,450,890763.00,"Car Loan",9.28,2025-01-01,Approved
291,300,584728.00,"Home Loan",8.13,2024-05-15,Pending
292,65,869444.00,"Personal Loan",11.00,2023-06-16,Pending
293,277,777777.00,"Business Loan",12.95,2023-06-04,Pending
294,305,303572.00,"Home Loan",12.59,2023-11-18,Closed
295,196,1320876.00,"Car Loan",10.35,2024-02-23,Approved
296,479,877440.00,"Business Loan",8.66,2023-03-18,Closed
297,381,619346.00,"Education Loan",8.86,2023-04-16,Closed
298,44,1170168.00,"Education Loan",12.51,2024-07-28,Approved
299,362,384394.00,"Business Loan",8.86,2023-07-06,Pending
300,34,514080.00,"Personal Loan",7.36,2023-01-18,Closed
301,385,1430551.00,"Personal Loan",10.17,2024-07-21,Closed
302,463,1112371.00,"Business Loan",9.02,2024-06-15,Approved
303,103,690021.00,"Personal Loan",12.03,2023-12-03,Closed
304,392,1459476.00,"Personal Loan",12.14,2024-08-31,Pending
305,124,1314497.00,"Education Loan",10.76,2024-03-26,Approved
306,479,789761.00,"Education Loan",13.93,2023-09-23,Closed
307,250,1308520.00,"Business Loan",11.76,2024-02-15,Pending
308,55,132121.00,"Business Loan",11.94,2023-07-13,Approved
309,235,1032904.00,"Business Loan",13.99,2024-01-15,Pending
310,92,696435.00,"Education Loan",7.51,2023-09-05,Approved
311,56,1492282.00,"Education Loan",8.69,2023-05-05,Approved
312,440,371549.00,"Personal Loan",12.46,2023-01-02,Closed
313,405,279642.00,"Car Loan",9.74,2024-07-12,Approved
314,262,601350.00,"Car Loan",11.26,2024-08-17,Closed
315,267,858966.00,"Home Loan",9.20,2024-12-24,Approved
316,289,467154.00,"Education Loan",12.48,2023-09-25,Pending
317,128,1477973.00,"Home Loan",13.80,2024-11-22,Approved
318,75,1311960.00,"Business Loan",14.36,2025-03-05,Pending
319,307,211875.00,"Education Loan",9.00,2023-04-01,Closed
320,225,1491227.00,"Education Loan",8.10,2025-01-01,Pending
321,419,372941.00,"Education Loan",9.66,2025-02-12,Approved
322,470,1183333.00,"Home Loan",7.94,2023-10-07,Approved
323,34,1112288.00,"Personal Loan",7.99,2023-07-24,Closed
324,66,581701.00,"Personal Loan",7.86,2023-07-09,Closed
325,15,1421639.00,"Education Loan",10.08,2025-06-10,Closed
326,14,1115094.00,"Personal Loan",13.06,2023-01-08,Closed
327,416,1266230.00,"Education Loan",14.97,2025-02-27,Pending
328,158,644918.00,"Home Loan",9.40,2023-06-10,Closed
329,221,369976.00,"Education Loan",8.86,2025-01-15,Pending
330,362,474164.00,"Car Loan",11.67,2023-02-08,Pending
331,90,784643.00,"Business Loan",10.81,2023-12-11,Pending
332,142,1430677.00,"Business Loan",12.73,2025-01-23,Approved
333,338,425884.00,"Car Loan",11.73,2023-05-03,Closed
334,66,1398841.00,"Car Loan",11.01,2024-10-19,Approved
335,274,478929.00,"Business Loan",9.33,2025-05-05,Closed
336,274,182415.00,"Business Loan",13.53,2024-07-20,Closed
337,297,1322432.00,"Education Loan",10.26,2023-07-11,Closed
338,282,476310.00,"Education Loan",7.21,2024-12-09,Closed
339,462,114424.00,"Personal Loan",8.05,2023-09-26,Approved
340,292,956396.00,"Car Loan",7.17,2025-05-20,Closed
341,483,776759.00,"Education Loan",11.52,2025-06-02,Approved
342,65,53033.00,"Education Loan",7.85,2024-08-18,Closed
343,487,1342008.00,"Personal Loan",7.03,2024-01-08,Approved
344,19,78045.00,"Business Loan",13.94,2023-12-12,Approved
345,213,304439.00,"Education Loan",10.99,2024-09-01,Closed
346,215,730147.00,"Home Loan",14.05,2023-07-27,Pending
347,432,1180320.00,"Car Loan",8.71,2023-05-04,Approved
348,410,1435265.00,"Car Loan",12.88,2024-10-05,Pending
349,352,644376.00,"Business Loan",10.68,2024-03-14,Approved
350,403,1306792.00,"Business Loan",14.93,2023-06-29,Approved
351,268,906620.00,"Car Loan",14.87,2025-02-16,Pending
352,130,313470.00,"Home Loan",7.97,2023-07-03,Pending
353,340,656654.00,"Home Loan",7.21,2025-05-15,Closed
354,378,911075.00,"Education Loan",12.87,2024-05-16,Pending
355,131,834629.00,"Business Loan",7.04,2023-08-10,Approved
356,171,131905.00,"Car Loan",8.06,2025-03-04,Approved
357,202,1476489.00,"Education Loan",11.87,2025-03-26,Closed
358,405,1395806.00,"Car Loan",9.28,2024-12-08,Approved
359,4,1227403.00,"Home Loan",13.19,2024-10-28,Pending
360,351,559068.00,"Education Loan",8.66,2023-03-15,Closed
361,337,73005.00,"Home Loan",9.01,2023-03-11,Pending
362,465,1129735.00,"Business Loan",10.69,2024-03-15,Approved
363,413,1431003.00,"Car Loan",11.59,2023-01-11,Pending
364,319,320987.00,"Home Loan",11.33,2024-08-04,Pending
365,51,1033549.00,"Home Loan",10.33,2024-12-28,Closed
366,270,507974.00,"Business Loan",13.95,2024-02-14,Closed
367,487,1298583.00,"Car Loan",9.83,2024-06-29,Closed
368,15,397131.00,"Home Loan",13.58,2024-12-09,Pending
369,491,779033.00,"Personal Loan",9.68,2025-05-24,Closed
370,168,238521.00,"Education Loan",13.56,2023-06-08,Pending
371,281,844481.00,"Home Loan",12.23,2023-03-21,Pending
372,77,499271.00,"Home Loan",11.27,2023-12-17,Pending
373,288,1248477.00,"Personal Loan",11.52,2024-06-19,Approved
374,318,522809.00,"Education Loan",12.08,2023-01-07,Approved
375,312,1110046.00,"Education Loan",12.86,2023-10-02,Approved
376,363,978442.00,"Home Loan",8.73,2025-06-15,Pending
377,344,675075.00,"Home Loan",8.38,2024-06-07,Pending
378,108,1347223.00,"Business Loan",10.77,2025-02-18,Closed
379,485,200180.00,"Education Loan",13.00,2025-03-30,Approved
380,401,172256.00,"Home Loan",13.73,2023-05-14,Approved
381,321,858346.00,"Business Loan",12.11,2024-06-28,Approved
382,364,494810.00,"Car Loan",13.86,2023-07-18,Pending
383,492,532056.00,"Education Loan",11.45,2024-08-09,Pending
384,488,215689.00,"Education Loan",14.21,2024-05-19,Approved
385,409,1193823.00,"Personal Loan",7.70,2025-05-16,Pending
386,436,1065778.00,"Business Loan",9.76,2023-02-20,Approved
387,28,830347.00,"Personal Loan",7.22,2024-05-10,Closed
388,356,831489.00,"Personal Loan",8.48,2023-08-07,Pending
389,289,1359090.00,"Education Loan",8.61,2024-08-16,Closed
390,249,633129.00,"Personal Loan",10.06,2023-11-20,Pending
391,90,1414152.00,"Home Loan",7.07,2024-05-04,Closed
392,420,211696.00,"Home Loan",13.98,2023-08-01,Pending
393,53,1261350.00,"Business Loan",13.50,2024-03-01,Closed
394,102,401547.00,"Education Loan",9.32,2024-07-28,Approved
395,353,846262.00,"Education Loan",11.14,2024-09-10,Closed
396,180,253581.00,"Education Loan",12.70,2024-09-04,Approved
397,146,1001487.00,"Personal Loan",7.55,2023-04-19,Pending
398,307,1330194.00,"Personal Loan",8.78,2023-12-19,Approved
399,134,732100.00,"Personal Loan",9.75,2023-03-01,Approved
400,153,950918.00,"Home Loan",7.78,2025-03-29,Approved
401,276,1478764.00,"Car Loan",10.35,2023-09-02,Approved
402,342,218462.00,"Personal Loan",9.50,2025-05-17,Closed
403,262,1445619.00,"Car Loan",9.75,2025-05-30,Closed
404,190,491597.00,"Car Loan",7.16,2025-04-26,Pending
405,194,70159.00,"Business Loan",10.90,2024-10-09,Approved
406,263,356442.00,"Personal Loan",13.28,2024-02-29,Approved
407,304,87842.00,"Car Loan",10.64,2023-11-14,Pending
408,477,854994.00,"Business Loan",14.41,2025-02-27,Pending
409,188,158790.00,"Car Loan",7.16,2023-11-16,Closed
410,256,640789.00,"Personal Loan",9.42,2025-06-18,Approved
411,219,1393457.00,"Car Loan",13.57,2023-05-12,Approved
412,449,1045272.00,"Education Loan",12.09,2025-05-15,Closed
413,314,670858.00,"Car Loan",7.09,2023-09-09,Pending
414,494,1262545.00,"Car Loan",11.81,2023-11-03,Closed
415,232,960773.00,"Education Loan",13.91,2023-03-02,Closed
416,268,674617.00,"Personal Loan",10.67,2024-08-01,Closed
417,129,1171798.00,"Home Loan",8.34,2024-05-04,Approved
418,223,889865.00,"Personal Loan",7.56,2024-08-23,Approved
419,310,1096121.00,"Education Loan",11.74,2024-09-29,Closed
420,345,277146.00,"Education Loan",7.91,2024-01-11,Closed
421,242,298259.00,"Personal Loan",11.24,2024-01-17,Pending
422,192,513146.00,"Personal Loan",9.31,2023-03-29,Pending
423,403,295681.00,"Personal Loan",12.14,2025-04-12,Closed
424,347,611325.00,"Business Loan",7.92,2023-01-07,Closed
425,224,270237.00,"Personal Loan",12.13,2025-05-02,Closed
426,111,1022547.00,"Education Loan",10.44,2023-03-18,Approved
427,209,1035600.00,"Home Loan",12.65,2023-03-19,Approved
428,152,881796.00,"Business Loan",7.70,2024-05-14,Pending
429,441,1327799.00,"Education Loan",8.29,2024-04-17,Approved
430,58,288368.00,"Personal Loan",14.07,2025-06-10,Approved
431,272,1219272.00,"Personal Loan",11.76,2024-11-20,Approved
432,469,833315.00,"Business Loan",13.72,2024-04-16,Approved
433,467,568581.00,"Business Loan",14.09,2024-02-14,Pending
434,364,1184290.00,"Education Loan",9.35,2023-09-13,Pending
435,417,859517.00,"Car Loan",13.21,2023-01-08,Closed
436,278,951845.00,"Personal Loan",9.98,2024-04-14,Pending
437,446,1474748.00,"Car Loan",8.96,2024-04-01,Closed
438,249,157043.00,"Business Loan",8.34,2023-07-01,Pending
439,471,305467.00,"Home Loan",13.10,2024-07-27,Closed
440,296,413379.00,"Personal Loan",12.24,2025-01-20,Approved
441,252,1367817.00,"Home Loan",10.71,2023-07-03,Pending
442,270,1217878.00,"Personal Loan",12.03,2025-04-06,Closed
443,386,1117997.00,"Car Loan",12.18,2023-04-22,Closed
444,2,1481503.00,"Business Loan",12.50,2024-08-05,Approved
445,463,204025.00,"Education Loan",10.67,2023-01-26,Closed
446,370,629529.00,"Education Loan",12.69,2023-07-07,Closed
447,464,1361508.00,"Education Loan",14.91,2024-10-13,Pending
448,49,804838.00,"Car Loan",7.05,2023-03-23,Pending
449,453,364737.00,"Car Loan",8.64,2025-03-30,Closed
450,478,1446875.00,"Business Loan",13.95,2024-03-17,Closed
451,381,431347.00,"Home Loan",10.02,2024-12-07,Closed
452,308,1055927.00,"Education Loan",7.28,2023-10-03,Pending
453,105,1162986.00,"Car Loan",13.04,2023-05-05,Pending
454,359,489939.00,"Car Loan",14.45,2024-05-10,Closed
455,74,1287803.00,"Business Loan",11.66,2024-01-20,Pending
456,330,237515.00,"Education Loan",14.72,2024-12-30,Approved
457,184,564109.00,"Education Loan",9.40,2024-03-07,Pending
458,25,1141679.00,"Education Loan",13.64,2023-09-24,Closed
459,29,512071.00,"Personal Loan",8.25,2024-04-06,Approved
460,472,673960.00,"Car Loan",9.46,2024-06-02,Closed
461,37,750561.00,"Home Loan",11.29,2023-03-25,Closed
462,490,547324.00,"Education Loan",13.84,2025-04-30,Approved
463,484,559472.00,"Business Loan",8.86,2024-06-14,Approved
464,246,1061445.00,"Home Loan",14.88,2025-03-02,Pending
465,283,778837.00,"Business Loan",11.69,2024-03-01,Pending
466,311,459035.00,"Personal Loan",14.09,2024-12-13,Approved
467,64,1119194.00,"Car Loan",9.43,2024-07-01,Approved
468,413,1118699.00,"Car Loan",13.68,2024-05-05,Approved
469,234,1024868.00,"Business Loan",13.35,2023-03-14,Approved
470,433,434349.00,"Education Loan",13.76,2023-02-05,Pending
471,100,55395.00,"Personal Loan",7.80,2023-07-27,Closed
472,295,596936.00,"Home Loan",10.67,2025-04-25,Approved
473,395,1473939.00,"Personal Loan",13.11,2023-06-24,Closed
474,400,1452185.00,"Personal Loan",9.32,2023-05-04,Closed
475,328,1267499.00,"Car Loan",12.07,2024-03-05,Pending
476,495,760166.00,"Personal Loan",14.61,2023-09-30,Pending
477,195,1457230.00,"Education Loan",11.04,2024-03-03,Closed
478,436,1172359.00,"Car Loan",14.82,2023-04-06,Pending
479,337,875183.00,"Business Loan",10.44,2024-08-25,Approved
480,135,313321.00,"Home Loan",14.61,2024-02-15,Pending
481,386,882404.00,"Personal Loan",7.45,2024-07-07,Closed
482,339,1026152.00,"Car Loan",12.22,2023-08-23,Pending
483,472,1038803.00,"Personal Loan",13.80,2024-04-08,Approved
484,285,1181852.00,"Home Loan",12.00,2024-05-05,Closed
485,303,750759.00,"Education Loan",11.42,2025-05-15,Approved
486,432,1300910.00,"Education Loan",7.38,2023-02-22,Approved
487,281,573563.00,"Home Loan",11.30,2023-10-12,Closed
488,440,769201.00,"Business Loan",12.91,2023-05-24,Pending
489,215,625737.00,"Education Loan",9.48,2024-02-08,Approved
490,110,282198.00,"Home Loan",8.80,2024-09-23,Closed
491,27,1168836.00,"Education Loan",8.43,2024-12-18,Pending
492,425,1362588.00,"Business Loan",8.34,2025-03-27,Approved
493,221,207199.00,"Car Loan",13.15,2023-06-18,Pending
494,297,159983.00,"Personal Loan",13.07,2023-01-05,Closed
495,356,508985.00,"Personal Loan",9.49,2023-06-30,Approved
496,368,741429.00,"Home Loan",10.63,2024-10-27,Pending
497,233,511226.00,"Home Loan",7.08,2024-02-27,Approved
498,92,1440608.00,"Car Loan",9.87,2023-02-15,Approved
499,373,315296.00,"Education Loan",13.89,2023-08-23,Closed
500,411,1419383.00,"Car Loan",10.64,2024-03-29,Approved
501,126,1205919.00,"Car Loan",13.20,2023-06-07,Pending
502,113,735430.00,"Education Loan",7.26,2023-03-25,Pending
503,278,1027645.00,"Education Loan",11.08,2024-01-22,Pending
504,396,209900.00,"Home Loan",11.44,2023-08-05,Pending
505,492,477896.00,"Personal Loan",12.88,2023-04-04,Approved
506,126,515349.00,"Business Loan",9.28,2025-02-28,Pending
507,9,774514.00,"Personal Loan",12.80,2023-09-21,Approved
508,278,1376547.00,"Business Loan",13.43,2023-09-18,Approved
509,156,700687.00,"Car Loan",8.63,2023-03-20,Closed
510,431,1258228.00,"Personal Loan",10.30,2023-10-11,Pending
511,376,1116312.00,"Personal Loan",14.34,2023-10-11,Closed
512,79,520376.00,"Home Loan",13.25,2024-02-13,Closed
513,131,820857.00,"Business Loan",13.25,2023-09-11,Approved
514,241,354557.00,"Education Loan",10.21,2023-06-19,Closed
515,57,564826.00,"Personal Loan",8.04,2023-10-27,Approved
516,187,117051.00,"Home Loan",10.26,2024-10-01,Approved
517,262,951303.00,"Personal Loan",13.64,2024-04-25,Approved
518,143,1340134.00,"Personal Loan",9.51,2024-12-01,Closed
519,205,342915.00,"Education Loan",9.41,2023-05-24,Closed
520,3,532552.00,"Education Loan",9.01,2023-10-05,Closed
521,1,993815.00,"Car Loan",9.42,2024-11-13,Closed
522,70,119629.00,"Business Loan",14.76,2023-12-10,Closed
523,423,378918.00,"Education Loan",9.64,2025-01-31,Approved
524,324,808053.00,"Education Loan",13.42,2025-06-12,Pending
525,396,474739.00,"Home Loan",11.66,2024-07-24,Pending
526,105,1176330.00,"Car Loan",14.70,2023-02-02,Approved
527,179,1358346.00,"Personal Loan",11.07,2023-07-12,Pending
528,41,1169782.00,"Education Loan",13.16,2025-06-17,Closed
529,205,52771.00,"Education Loan",14.28,2023-07-02,Approved
530,400,267706.00,"Car Loan",9.57,2024-05-03,Closed
531,68,648048.00,"Education Loan",7.49,2023-10-21,Pending
532,128,1405430.00,"Business Loan",12.94,2025-06-04,Closed
533,251,685780.00,"Education Loan",7.93,2024-04-16,Approved
534,388,152251.00,"Home Loan",14.32,2024-03-23,Closed
535,110,1306886.00,"Education Loan",13.33,2025-04-10,Approved
536,214,660453.00,"Business Loan",13.77,2024-11-18,Approved
537,62,1165362.00,"Personal Loan",7.52,2025-03-24,Approved
538,450,818729.00,"Business Loan",8.39,2023-01-11,Pending
539,324,959631.00,"Home Loan",7.72,2025-02-20,Approved
540,379,867708.00,"Personal Loan",7.50,2024-08-15,Approved
541,274,658983.00,"Personal Loan",7.34,2025-01-17,Approved
542,322,247694.00,"Education Loan",9.76,2024-02-29,Approved
543,103,120709.00,"Education Loan",7.10,2023-05-31,Closed
544,247,153141.00,"Business Loan",8.27,2023-06-04,Pending
545,201,1287877.00,"Home Loan",13.15,2024-08-06,Closed
546,358,1178137.00,"Education Loan",10.18,2024-11-06,Pending
547,268,1499805.00,"Car Loan",14.89,2024-10-25,Closed
548,216,1454240.00,"Personal Loan",13.76,2024-06-01,Pending
549,485,1249515.00,"Car Loan",12.37,2024-08-20,Approved
550,267,1137254.00,"Home Loan",11.04,2023-03-05,Closed
551,487,568568.00,"Business Loan",9.12,2024-10-09,Closed
552,433,1376779.00,"Business Loan",8.12,2024-11-25,Pending
553,432,57334.00,"Personal Loan",8.43,2024-06-03,Pending
554,11,123708.00,"Home Loan",13.49,2024-03-06,Closed
555,178,1359960.00,"Personal Loan",11.33,2023-11-17,Approved
556,352,126716.00,"Home Loan",11.96,2024-07-23,Approved
557,307,278881.00,"Business Loan",9.25,2024-05-14,Closed
558,494,253508.00,"Education Loan",9.35,2023-08-07,Approved
559,459,912056.00,"Car Loan",9.71,2023-01-18,Approved
560,177,801976.00,"Personal Loan",7.89,2025-05-12,Pending
561,203,1001561.00,"Home Loan",9.93,2024-07-18,Approved
562,163,771586.00,"Personal Loan",7.65,2025-02-16,Approved
563,388,1002214.00,"Business Loan",13.54,2023-07-15,Pending
564,253,969147.00,"Education Loan",9.89,2025-02-04,Approved
565,148,1447312.00,"Business Loan",13.27,2023-04-15,Approved
566,399,487108.00,"Home Loan",12.30,2025-05-23,Closed
567,212,797307.00,"Car Loan",14.91,2023-01-21,Approved
568,331,1312063.00,"Car Loan",8.81,2023-01-26,Pending
569,117,1166981.00,"Home Loan",10.72,2025-02-13,Closed
570,473,68518.00,"Car Loan",7.76,2024-12-18,Closed
571,58,737431.00,"Home Loan",12.53,2023-12-16,Closed
572,88,438333.00,"Business Loan",9.22,2025-04-25,Closed
573,255,1425086.00,"Car Loan",8.82,2024-03-20,Closed
574,227,1356280.00,"Home Loan",7.29,2024-10-25,Pending
575,341,1018012.00,"Car Loan",10.82,2024-03-24,Approved
576,399,1229192.00,"Education Loan",14.41,2024-07-06,Approved
577,299,226039.00,"Business Loan",12.76,2023-05-14,Pending
578,235,915801.00,"Personal Loan",7.79,2024-11-15,Pending
579,124,1093655.00,"Business Loan",7.99,2023-02-12,Closed
580,92,521071.00,"Home Loan",10.10,2024-10-11,Pending
581,30,1442018.00,"Education Loan",8.90,2023-10-12,Closed
582,202,640649.00,"Business Loan",14.22,2023-02-05,Pending
583,163,281814.00,"Business Loan",12.11,2024-10-13,Closed
584,170,909616.00,"Business Loan",14.55,2025-03-05,Pending
585,137,936388.00,"Car Loan",9.86,2023-03-05,Approved
586,100,263271.00,"Home Loan",9.04,2025-02-12,Pending
587,35,1142592.00,"Personal Loan",11.44,2023-03-19,Closed
588,287,869785.00,"Home Loan",13.75,2025-03-18,Closed
589,39,811113.00,"Car Loan",10.11,2024-11-18,Pending
590,486,1352550.00,"Personal Loan",8.58,2023-08-17,Closed
591,305,85057.00,"Car Loan",10.15,2023-03-23,Approved
592,37,865952.00,"Personal Loan",9.17,2024-06-08,Approved
593,373,678272.00,"Business Loan",9.74,2025-04-14,Pending
594,126,688694.00,"Personal Loan",14.29,2023-07-14,Pending
595,46,647069.00,"Education Loan",12.53,2023-04-02,Pending
596,430,1497543.00,"Personal Loan",7.59,2023-04-23,Pending
597,329,144621.00,"Car Loan",11.65,2025-01-25,Pending
598,371,561224.00,"Personal Loan",12.07,2024-05-13,Closed
599,345,1254012.00,"Home Loan",14.55,2024-02-19,Pending
600,481,628060.00,"Home Loan",9.88,2024-02-25,Approved
601,435,898216.00,"Car Loan",13.63,2023-06-23,Pending
602,408,974214.00,"Education Loan",13.42,2024-12-05,Pending
603,95,668298.00,"Personal Loan",11.26,2025-05-26,Approved
604,217,566786.00,"Personal Loan",9.68,2023-07-28,Approved
605,35,1337399.00,"Car Loan",10.96,2024-12-04,Pending
606,382,848040.00,"Personal Loan",12.31,2025-04-15,Pending
607,238,653117.00,"Education Loan",7.28,2023-07-06,Closed
608,15,559811.00,"Education Loan",9.48,2024-04-22,Closed
609,17,1489871.00,"Business Loan",9.71,2023-04-02,Pending
610,85,575500.00,"Car Loan",10.43,2023-07-31,Closed
611,364,1461731.00,"Education Loan",11.20,2024-05-16,Approved
612,196,508721.00,"Personal Loan",7.77,2023-08-18,Closed
613,82,1293767.00,"Business Loan",10.42,2024-10-25,Pending
614,400,1193717.00,"Personal Loan",9.96,2023-07-05,Closed
615,500,375900.00,"Home Loan",14.65,2023-12-31,Approved
616,277,493276.00,"Business Loan",10.42,2024-04-22,Pending
617,129,302285.00,"Home Loan",14.84,2024-06-23,Approved
618,246,453537.00,"Business Loan",13.13,2023-03-07,Approved
619,46,436208.00,"Home Loan",11.07,2023-11-18,Approved
620,116,597254.00,"Home Loan",13.60,2024-05-11,Approved
621,377,1384423.00,"Car Loan",14.62,2024-10-24,Closed
622,451,102788.00,"Personal Loan",9.37,2023-02-05,Approved
623,206,249199.00,"Personal Loan",13.88,2025-04-23,Approved
624,359,436287.00,"Home Loan",7.89,2023-01-08,Closed
625,259,711560.00,"Education Loan",9.37,2023-09-10,Pending
626,370,262544.00,"Personal Loan",8.11,2023-05-11,Approved
627,53,927692.00,"Education Loan",12.84,2024-04-14,Pending
628,267,640887.00,"Personal Loan",14.72,2024-04-03,Pending
629,376,1187446.00,"Education Loan",7.00,2025-06-09,Closed
630,387,77572.00,"Education Loan",13.59,2024-12-13,Pending
631,27,1225699.00,"Business Loan",7.28,2024-03-20,Pending
632,175,991515.00,"Home Loan",7.31,2024-06-24,Closed
633,316,769754.00,"Personal Loan",10.63,2024-03-27,Approved
634,113,1048729.00,"Education Loan",13.20,2024-05-29,Pending
635,473,234301.00,"Business Loan",12.03,2024-10-24,Closed
636,388,751404.00,"Home Loan",7.15,2025-01-02,Approved
637,312,159625.00,"Personal Loan",9.55,2023-02-28,Pending
638,325,257468.00,"Education Loan",10.19,2024-09-19,Approved
639,175,1326826.00,"Car Loan",8.12,2024-07-22,Closed
640,402,1199782.00,"Personal Loan",10.27,2023-11-29,Pending
641,2,264788.00,"Education Loan",8.71,2025-02-26,Closed
642,17,1456994.00,"Education Loan",13.83,2023-01-12,Pending
643,230,1208546.00,"Education Loan",12.49,2024-06-08,Closed
644,263,139776.00,"Education Loan",10.86,2023-07-12,Pending
645,231,693521.00,"Business Loan",13.78,2024-10-17,Approved
646,157,437194.00,"Car Loan",8.43,2024-09-24,Closed
647,399,107530.00,"Business Loan",14.38,2023-06-20,Approved
648,166,222314.00,"Personal Loan",12.08,2023-12-09,Closed
649,422,370121.00,"Personal Loan",8.80,2023-12-19,Approved
650,126,622700.00,"Car Loan",14.50,2023-01-14,Approved
651,130,791170.00,"Education Loan",9.94,2024-03-21,Pending
652,198,1271001.00,"Home Loan",11.91,2025-06-06,Approved
653,241,259158.00,"Car Loan",14.60,2025-04-05,Closed
654,475,807683.00,"Education Loan",9.12,2023-01-23,Approved
655,288,1336060.00,"Education Loan",14.05,2023-09-11,Closed
656,487,887819.00,"Business Loan",7.84,2024-07-14,Closed
657,57,311920.00,"Personal Loan",9.14,2024-08-07,Pending
658,143,178367.00,"Personal Loan",12.28,2024-05-04,Closed
659,35,230004.00,"Personal Loan",12.58,2023-08-09,Approved
660,467,427177.00,"Personal Loan",12.93,2023-06-21,Closed
661,44,394568.00,"Business Loan",14.43,2025-02-13,Pending
662,494,618197.00,"Home Loan",13.60,2023-04-24,Approved
663,198,788652.00,"Car Loan",9.30,2023-11-10,Closed
664,172,174739.00,"Car Loan",12.89,2024-03-13,Approved
665,323,869661.00,"Business Loan",13.03,2023-03-30,Approved
666,427,887851.00,"Car Loan",14.31,2024-06-06,Approved
667,29,1222763.00,"Business Loan",14.45,2023-02-06,Pending
668,466,663195.00,"Car Loan",9.71,2024-10-19,Pending
669,498,144661.00,"Car Loan",11.00,2024-03-12,Closed
670,77,55402.00,"Personal Loan",13.22,2023-07-12,Closed
671,27,124483.00,"Home Loan",9.57,2023-10-16,Pending
672,119,434417.00,"Education Loan",9.23,2024-05-11,Closed
673,474,1464089.00,"Home Loan",8.96,2023-04-22,Closed
674,22,872142.00,"Education Loan",13.62,2023-01-18,Pending
675,5,347127.00,"Business Loan",10.00,2025-03-05,Approved
676,392,130976.00,"Business Loan",10.90,2024-08-02,Closed
677,430,73574.00,"Personal Loan",10.89,2025-03-31,Approved
678,376,723301.00,"Home Loan",14.60,2024-05-03,Closed
679,349,1338631.00,"Car Loan",7.80,2024-02-01,Closed
680,97,419467.00,"Education Loan",12.72,2024-03-14,Approved
681,1,229345.00,"Education Loan",12.73,2024-10-20,Pending
682,169,285137.00,"Business Loan",11.22,2023-07-25,Pending
683,61,1390271.00,"Car Loan",11.06,2024-11-22,Approved
684,152,850931.00,"Business Loan",11.77,2024-01-22,Pending
685,257,753825.00,"Business Loan",14.81,2023-07-19,Approved
686,120,998144.00,"Personal Loan",13.35,2023-10-13,Approved
687,37,1138094.00,"Personal Loan",10.29,2024-02-17,Approved
688,459,649904.00,"Car Loan",9.66,2024-10-10,Pending
689,428,723303.00,"Education Loan",10.15,2024-09-18,Approved
690,204,253259.00,"Personal Loan",14.77,2024-01-16,Approved
691,367,146592.00,"Home Loan",10.68,2025-03-24,Approved
692,498,850710.00,"Education Loan",8.73,2024-11-13,Approved
693,223,1195068.00,"Education Loan",12.66,2024-09-13,Approved
694,288,1337990.00,"Education Loan",14.32,2024-01-21,Pending
695,345,432581.00,"Car Loan",10.68,2024-05-09,Pending
696,95,1266000.00,"Education Loan",12.02,2023-08-16,Pending
697,68,835826.00,"Car Loan",14.13,2024-05-04,Approved
698,300,1288011.00,"Personal Loan",13.48,2024-07-18,Closed
699,327,257187.00,"Education Loan",9.81,2024-03-17,Pending
700,254,551720.00,"Car Loan",7.13,2024-02-09,Approved
701,325,980280.00,"Car Loan",10.16,2023-06-13,Closed
702,35,304353.00,"Education Loan",13.65,2023-05-07,Approved
703,311,750161.00,"Personal Loan",9.39,2025-01-28,Approved
704,38,652682.00,"Business Loan",7.06,2024-03-13,Pending
705,288,1003307.00,"Personal Loan",13.65,2024-03-02,Closed
706,484,337137.00,"Home Loan",13.89,2023-01-31,Pending
707,415,611023.00,"Personal Loan",7.59,2023-01-28,Closed
708,278,1484759.00,"Car Loan",10.49,2023-10-31,Pending
709,438,398767.00,"Personal Loan",8.41,2023-05-11,Approved
710,264,139855.00,"Education Loan",10.58,2023-02-21,Closed
711,275,1369939.00,"Business Loan",13.39,2023-09-07,Closed
712,58,934332.00,"Education Loan",12.45,2023-09-30,Pending
713,212,1088009.00,"Car Loan",10.27,2023-04-08,Approved
714,124,479035.00,"Education Loan",13.35,2024-11-15,Pending
715,409,1253432.00,"Education Loan",14.93,2025-02-21,Pending
716,131,313576.00,"Home Loan",7.70,2023-02-19,Approved
717,457,801746.00,"Business Loan",12.66,2025-06-02,Closed
718,490,838225.00,"Education Loan",9.11,2025-06-01,Approved
719,311,1158272.00,"Business Loan",11.09,2024-08-27,Closed
720,61,233447.00,"Car Loan",14.64,2025-05-28,Approved
721,72,1024393.00,"Business Loan",12.12,2023-12-31,Approved
722,158,419073.00,"Car Loan",14.07,2024-01-21,Pending
723,87,610711.00,"Personal Loan",14.40,2023-12-03,Approved
724,171,668158.00,"Home Loan",9.17,2023-01-23,Approved
725,244,774982.00,"Home Loan",12.49,2023-10-16,Pending
726,377,249101.00,"Personal Loan",12.78,2023-10-27,Pending
727,238,1337347.00,"Home Loan",10.36,2023-02-15,Closed
728,402,113966.00,"Business Loan",14.37,2023-06-06,Approved
729,5,1102344.00,"Education Loan",13.67,2023-11-24,Approved
730,243,747811.00,"Business Loan",9.46,2024-09-09,Pending
731,247,1401696.00,"Home Loan",7.94,2023-02-04,Closed
732,47,1412001.00,"Personal Loan",9.16,2023-03-28,Closed
733,30,472683.00,"Car Loan",11.11,2024-10-25,Approved
734,258,253426.00,"Home Loan",9.84,2023-10-04,Pending
735,222,1207715.00,"Education Loan",14.30,2024-06-02,Approved
736,497,815611.00,"Education Loan",12.89,2024-09-10,Approved
737,37,1046442.00,"Car Loan",7.13,2024-01-25,Approved
738,142,142338.00,"Personal Loan",8.32,2024-01-05,Pending
739,284,274384.00,"Home Loan",14.21,2023-09-14,Closed
740,378,929720.00,"Education Loan",7.25,2025-01-31,Approved
741,75,529186.00,"Car Loan",7.33,2024-06-10,Closed
742,132,1354233.00,"Education Loan",13.86,2023-05-20,Approved
743,275,241343.00,"Home Loan",12.46,2023-11-26,Closed
744,406,1081739.00,"Home Loan",10.86,2023-02-09,Closed
745,357,428086.00,"Home Loan",7.29,2024-09-11,Approved
746,300,50562.00,"Car Loan",7.10,2024-02-14,Approved
747,409,594632.00,"Personal Loan",7.08,2024-11-22,Closed
748,377,528935.00,"Car Loan",14.77,2024-09-01,Pending
749,169,436697.00,"Car Loan",13.41,2023-02-12,Closed
750,12,936880.00,"Business Loan",7.99,2024-08-03,Closed
751,162,142992.00,"Car Loan",11.43,2024-10-12,Closed
752,296,194956.00,"Education Loan",9.65,2024-03-07,Pending
753,287,1003167.00,"Personal Loan",13.96,2024-08-01,Pending
754,53,1075005.00,"Car Loan",14.74,2023-06-17,Approved
755,286,1177333.00,"Home Loan",11.33,2023-06-13,Approved
756,436,779143.00,"Business Loan",7.08,2023-10-30,Pending
757,133,566180.00,"Business Loan",13.96,2023-12-17,Pending
758,252,789454.00,"Home Loan",12.48,2023-09-22,Pending
759,100,1133210.00,"Home Loan",10.58,2025-01-13,Closed
760,233,1439702.00,"Car Loan",7.87,2023-11-16,Pending
761,86,789279.00,"Home Loan",12.32,2023-07-06,Approved
762,294,1227249.00,"Car Loan",7.40,2023-11-18,Pending
763,52,937665.00,"Education Loan",14.36,2023-11-07,Closed
764,394,110152.00,"Business Loan",7.89,2023-01-13,Closed
765,319,1472271.00,"Business Loan",7.12,2023-03-30,Pending
766,475,633185.00,"Home Loan",11.80,2024-04-07,Closed
767,160,457321.00,"Personal Loan",10.08,2024-06-13,Closed
768,83,721953.00,"Business Loan",12.87,2023-06-25,Closed
769,138,131749.00,"Personal Loan",8.01,2023-08-19,Closed
770,366,1430774.00,"Personal Loan",14.97,2023-09-01,Pending
771,3,1401562.00,"Education Loan",10.53,2023-08-26,Closed
772,99,1482360.00,"Car Loan",13.30,2025-03-09,Approved
773,351,469854.00,"Car Loan",13.79,2023-07-13,Pending
774,497,608449.00,"Business Loan",11.54,2023-01-05,Approved
775,297,1495261.00,"Car Loan",7.36,2024-06-28,Closed
776,317,771115.00,"Personal Loan",10.53,2024-02-07,Closed
777,113,601475.00,"Car Loan",7.05,2023-11-03,Closed
778,208,73348.00,"Business Loan",7.92,2023-03-13,Approved
779,8,1393803.00,"Personal Loan",8.20,2025-06-13,Pending
780,305,758875.00,"Education Loan",12.01,2023-09-05,Pending
781,332,1240180.00,"Home Loan",7.93,2023-07-29,Closed
782,195,766618.00,"Car Loan",7.24,2023-08-05,Approved
783,430,1419010.00,"Home Loan",14.13,2023-01-20,Pending
784,57,427989.00,"Business Loan",7.24,2023-08-25,Approved
785,169,65224.00,"Home Loan",8.37,2024-10-24,Approved
786,309,909054.00,"Home Loan",13.17,2024-04-17,Approved
787,499,113817.00,"Car Loan",7.02,2023-10-27,Pending
788,137,632126.00,"Home Loan",12.94,2023-05-09,Pending
789,10,953124.00,"Home Loan",10.42,2025-05-13,Pending
790,345,1356900.00,"Personal Loan",11.06,2023-07-11,Pending
791,29,1012875.00,"Home Loan",13.15,2023-12-15,Pending
792,491,74650.00,"Home Loan",12.36,2025-04-04,Pending
793,50,1197551.00,"Education Loan",14.30,2024-06-16,Approved
794,158,1389869.00,"Education Loan",11.77,2025-05-16,Approved
795,114,149066.00,"Education Loan",7.72,2024-03-01,Approved
796,22,1412449.00,"Personal Loan",7.20,2024-01-11,Approved
797,407,88316.00,"Education Loan",10.07,2025-01-28,Approved
798,390,1077987.00,"Car Loan",14.34,2025-05-15,Approved
799,194,1173445.00,"Education Loan",8.85,2023-01-22,Pending
800,27,1483945.00,"Education Loan",14.73,2024-02-28,Pending
801,428,1378028.00,"Home Loan",9.59,2024-06-01,Closed
802,397,423419.00,"Business Loan",13.08,2023-03-15,Approved
803,200,934798.00,"Business Loan",10.45,2024-06-25,Closed
804,377,961543.00,"Business Loan",11.34,2023-02-21,Pending
805,55,884587.00,"Personal Loan",7.27,2024-04-04,Pending
806,370,528259.00,"Personal Loan",8.43,2024-06-17,Pending
807,182,822303.00,"Personal Loan",9.11,2024-06-23,Approved
808,121,888843.00,"Home Loan",7.97,2023-03-27,Approved
809,129,1438626.00,"Home Loan",8.78,2023-02-20,Pending
810,451,1006516.00,"Personal Loan",7.07,2023-08-13,Approved
811,177,196386.00,"Personal Loan",14.52,2023-11-17,Closed
812,366,1169868.00,"Education Loan",7.29,2023-05-31,Closed
813,76,870304.00,"Car Loan",8.36,2024-10-18,Approved
814,250,167236.00,"Business Loan",9.40,2024-11-26,Closed
815,258,1031444.00,"Business Loan",8.25,2023-09-01,Closed
816,306,632376.00,"Home Loan",12.34,2025-01-03,Approved
817,460,591441.00,"Home Loan",10.52,2025-02-14,Closed
818,183,1287284.00,"Home Loan",9.43,2025-06-17,Approved
819,208,1248784.00,"Business Loan",14.77,2023-06-16,Approved
820,253,755146.00,"Business Loan",8.06,2025-03-27,Approved
821,483,649110.00,"Home Loan",11.94,2024-05-28,Approved
822,154,806478.00,"Education Loan",14.02,2023-10-16,Closed
823,448,861702.00,"Home Loan",14.16,2023-04-26,Closed
824,201,241261.00,"Personal Loan",14.15,2023-03-26,Closed
825,335,1466766.00,"Business Loan",10.60,2024-07-13,Closed
826,468,620805.00,"Home Loan",12.10,2024-09-16,Pending
827,354,1306344.00,"Car Loan",10.54,2024-06-11,Pending
828,129,743585.00,"Education Loan",12.29,2024-02-07,Approved
829,464,1316359.00,"Personal Loan",9.48,2024-12-11,Approved
830,364,892138.00,"Education Loan",13.89,2023-05-12,Approved
831,143,1483591.00,"Home Loan",10.88,2023-05-21,Approved
832,78,1206197.00,"Personal Loan",8.84,2024-05-31,Approved
833,96,641655.00,"Personal Loan",7.86,2023-05-06,Pending
834,225,231173.00,"Car Loan",7.11,2023-07-31,Approved
835,487,708286.00,"Car Loan",10.24,2025-05-18,Pending
836,77,1407984.00,"Car Loan",9.47,2025-02-22,Pending
837,261,527307.00,"Home Loan",10.33,2025-01-24,Closed
838,106,370934.00,"Personal Loan",12.56,2023-02-21,Approved
839,423,941006.00,"Personal Loan",13.76,2024-07-02,Pending
840,373,316797.00,"Education Loan",13.89,2023-08-21,Closed
841,382,1054128.00,"Home Loan",13.32,2024-01-20,Closed
842,280,757146.00,"Education Loan",9.83,2024-03-05,Approved
843,102,94581.00,"Personal Loan",12.13,2024-05-25,Closed
844,434,905066.00,"Car Loan",14.83,2025-02-01,Approved
845,472,1250088.00,"Car Loan",7.43,2023-11-08,Pending
846,407,566373.00,"Car Loan",12.06,2023-05-06,Closed
847,300,893444.00,"Home Loan",13.55,2024-11-11,Approved
848,174,1162326.00,"Education Loan",12.35,2025-05-14,Closed
849,50,201366.00,"Car Loan",13.57,2024-01-19,Pending
850,23,383489.00,"Home Loan",10.13,2025-03-28,Pending
851,54,681584.00,"Business Loan",14.84,2023-10-23,Closed
852,261,773802.00,"Business Loan",8.40,2023-03-06,Closed
853,472,376087.00,"Car Loan",13.31,2023-03-01,Closed
854,314,399309.00,"Car Loan",14.11,2024-03-07,Closed
855,102,1252171.00,"Personal Loan",8.60,2023-12-17,Pending
856,279,1135189.00,"Home Loan",7.93,2023-11-25,Pending
857,142,1479638.00,"Home Loan",10.63,2023-01-22,Closed
858,358,484087.00,"Car Loan",13.98,2023-09-29,Closed
859,272,112944.00,"Personal Loan",13.56,2023-10-25,Approved
860,482,397788.00,"Car Loan",13.74,2023-09-04,Closed
861,201,727681.00,"Home Loan",9.23,2025-06-04,Approved
862,230,127965.00,"Business Loan",9.27,2024-11-05,Closed
863,121,792749.00,"Business Loan",12.21,2024-10-29,Closed
864,275,753437.00,"Education Loan",10.39,2024-12-13,Closed
865,27,349573.00,"Business Loan",13.06,2023-05-27,Pending
866,107,687909.00,"Personal Loan",10.99,2024-12-22,Pending
867,77,384389.00,"Education Loan",13.23,2025-01-01,Closed
868,94,1151626.00,"Car Loan",14.30,2025-01-31,Pending
869,470,349274.00,"Car Loan",10.69,2024-08-13,Closed
870,264,1412887.00,"Home Loan",13.11,2024-02-28,Approved
871,448,466043.00,"Education Loan",14.20,2023-08-07,Pending
872,417,966389.00,"Education Loan",10.19,2023-01-18,Closed
873,215,713418.00,"Business Loan",11.93,2023-03-22,Pending
874,356,1159025.00,"Education Loan",8.39,2024-12-07,Pending
875,339,292500.00,"Business Loan",11.14,2023-06-10,Pending
876,76,1125855.00,"Car Loan",7.51,2024-05-06,Pending
877,23,948049.00,"Business Loan",14.51,2025-01-03,Approved
878,424,722616.00,"Education Loan",10.90,2023-04-09,Approved
879,50,399402.00,"Business Loan",13.46,2023-10-15,Approved
880,454,70985.00,"Car Loan",12.76,2024-05-05,Pending
881,87,308720.00,"Car Loan",9.71,2024-05-27,Closed
882,225,1143102.00,"Personal Loan",13.70,2025-04-15,Approved
883,434,1418813.00,"Home Loan",13.08,2024-02-05,Closed
884,196,217443.00,"Personal Loan",12.51,2023-07-19,Approved
885,278,979451.00,"Personal Loan",13.26,2023-09-15,Approved
886,288,935241.00,"Car Loan",13.55,2023-04-06,Approved
887,24,71683.00,"Business Loan",12.01,2023-10-23,Closed
888,413,1264659.00,"Education Loan",7.49,2023-05-24,Pending
889,296,220815.00,"Business Loan",12.71,2023-04-24,Pending
890,38,1359508.00,"Car Loan",12.95,2025-01-30,Closed
891,225,418309.00,"Business Loan",13.82,2024-03-19,Closed
892,29,862648.00,"Education Loan",10.89,2024-04-23,Approved
893,203,669001.00,"Business Loan",9.47,2024-12-10,Approved
894,358,813078.00,"Personal Loan",13.85,2025-01-08,Pending
895,105,691667.00,"Personal Loan",11.80,2023-08-09,Pending
896,192,988314.00,"Home Loan",10.86,2023-05-21,Approved
897,98,1466376.00,"Car Loan",11.55,2025-04-29,Approved
898,114,196937.00,"Business Loan",13.58,2024-07-24,Closed
899,310,1475731.00,"Home Loan",9.75,2024-05-03,Closed
900,397,1372196.00,"Home Loan",8.31,2023-09-10,Closed
901,361,1301170.00,"Home Loan",8.45,2024-02-02,Closed
902,7,145489.00,"Car Loan",8.91,2023-10-27,Closed
903,373,1324006.00,"Home Loan",8.23,2023-09-22,Approved
904,77,1132015.00,"Car Loan",7.95,2024-11-29,Pending
905,157,1469350.00,"Business Loan",13.73,2023-11-04,Approved
906,442,1308596.00,"Education Loan",13.89,2023-07-24,Pending
907,38,1097509.00,"Car Loan",13.12,2024-08-21,Approved
908,81,1080144.00,"Home Loan",8.73,2025-02-26,Closed
909,2,1264526.00,"Home Loan",10.06,2023-12-06,Closed
910,274,811669.00,"Business Loan",9.90,2025-02-04,Approved
911,137,1312542.00,"Personal Loan",7.47,2024-09-12,Approved
912,147,991222.00,"Car Loan",14.06,2023-10-10,Closed
913,332,852280.00,"Education Loan",8.81,2024-12-20,Approved
914,98,72703.00,"Personal Loan",10.45,2024-08-24,Approved
915,116,65776.00,"Car Loan",13.28,2025-01-22,Closed
916,311,964001.00,"Car Loan",11.32,2025-01-26,Pending
917,200,401949.00,"Home Loan",9.83,2024-10-07,Pending
918,238,1215278.00,"Personal Loan",11.33,2025-04-19,Approved
919,209,1435824.00,"Personal Loan",13.15,2023-08-26,Approved
920,131,452543.00,"Education Loan",8.44,2023-03-26,Closed
921,181,78248.00,"Home Loan",7.10,2023-01-20,Approved
922,147,411575.00,"Car Loan",7.72,2023-11-11,Pending
923,169,412478.00,"Car Loan",10.64,2024-05-14,Pending
924,185,952487.00,"Home Loan",8.34,2025-01-05,Pending
925,230,841745.00,"Car Loan",8.11,2024-07-17,Closed
926,354,605450.00,"Education Loan",13.58,2024-10-17,Approved
927,343,1357098.00,"Personal Loan",11.51,2024-02-17,Pending
928,313,524736.00,"Education Loan",13.56,2025-01-05,Pending
929,344,855661.00,"Education Loan",14.24,2023-12-08,Approved
930,390,548027.00,"Car Loan",14.01,2023-08-01,Pending
931,25,904371.00,"Business Loan",8.88,2024-11-25,Approved
932,228,1231589.00,"Education Loan",7.77,2023-11-20,Pending
933,227,1127418.00,"Car Loan",11.51,2024-10-30,Approved
934,439,521068.00,"Business Loan",14.88,2025-05-02,Closed
935,32,1460071.00,"Education Loan",10.61,2023-07-30,Closed
936,186,653910.00,"Business Loan",11.67,2023-01-16,Pending
937,313,225260.00,"Education Loan",9.23,2023-07-07,Approved
938,204,655309.00,"Business Loan",7.58,2024-11-20,Pending
939,391,129938.00,"Business Loan",11.02,2024-10-03,Approved
940,70,820204.00,"Car Loan",11.74,2023-08-13,Pending
941,307,993732.00,"Personal Loan",7.89,2023-10-16,Approved
942,187,144418.00,"Car Loan",13.68,2024-05-15,Approved
943,360,1152457.00,"Education Loan",14.58,2024-12-21,Approved
944,197,764198.00,"Car Loan",14.42,2024-12-18,Approved
945,306,713359.00,"Personal Loan",14.10,2023-03-15,Closed
946,240,279428.00,"Car Loan",9.45,2024-02-19,Pending
947,276,914956.00,"Car Loan",13.82,2023-09-08,Closed
948,169,310510.00,"Business Loan",14.23,2025-02-05,Pending
949,92,445982.00,"Business Loan",9.09,2025-02-08,Pending
950,456,143804.00,"Personal Loan",13.17,2023-03-11,Approved
951,68,712117.00,"Business Loan",7.11,2024-01-29,Approved
952,207,965869.00,"Business Loan",12.58,2024-10-20,Pending
953,317,723249.00,"Personal Loan",12.87,2023-12-22,Closed
954,337,125830.00,"Car Loan",7.39,2024-04-15,Pending
955,379,621047.00,"Education Loan",9.37,2023-12-23,Approved
956,138,184442.00,"Education Loan",14.41,2024-09-30,Closed
957,361,478137.00,"Car Loan",12.42,2024-02-11,Approved
958,385,300462.00,"Personal Loan",9.06,2024-07-11,Approved
959,390,1373621.00,"Car Loan",10.16,2023-09-23,Approved
960,286,1466597.00,"Home Loan",14.53,2023-06-15,Approved
961,464,555508.00,"Business Loan",13.09,2025-04-07,Approved
962,413,305083.00,"Personal Loan",10.92,2023-08-02,Closed
963,440,392234.00,"Personal Loan",7.18,2024-03-02,Approved
964,48,866212.00,"Personal Loan",14.71,2023-07-26,Approved
965,290,248259.00,"Business Loan",9.54,2024-11-06,Closed
966,374,537746.00,"Personal Loan",8.56,2024-08-08,Closed
967,198,1457268.00,"Education Loan",10.31,2023-03-09,Approved
968,216,1156469.00,"Personal Loan",9.56,2023-01-30,Approved
969,462,58687.00,"Car Loan",9.20,2024-06-22,Approved
970,25,1117715.00,"Personal Loan",10.76,2024-10-30,Approved
971,146,841940.00,"Business Loan",12.13,2024-07-26,Approved
972,195,286918.00,"Education Loan",13.15,2025-03-11,Approved
973,15,1107933.00,"Personal Loan",11.86,2023-11-19,Closed
974,391,1483698.00,"Education Loan",7.36,2024-01-12,Closed
975,265,1169159.00,"Car Loan",7.44,2024-02-11,Approved
976,54,422888.00,"Business Loan",7.46,2023-12-18,Closed
977,364,482273.00,"Car Loan",12.17,2023-10-02,Pending
978,17,621278.00,"Business Loan",8.42,2023-08-31,Closed
979,135,1358010.00,"Education Loan",13.40,2025-03-17,Approved
980,361,574988.00,"Education Loan",8.11,2024-11-15,Pending
981,318,87399.00,"Car Loan",7.34,2024-05-03,Pending
982,150,1121132.00,"Education Loan",13.12,2024-01-29,Closed
983,74,140894.00,"Business Loan",8.30,2023-06-29,Pending
984,483,461832.00,"Personal Loan",13.26,2023-10-24,Approved
985,262,1078134.00,"Business Loan",13.00,2025-01-09,Closed
986,422,968038.00,"Education Loan",9.16,2024-02-10,Pending
987,426,1409130.00,"Home Loan",13.75,2025-01-13,Pending
988,255,1141094.00,"Car Loan",14.38,2025-03-23,Closed
989,17,1377775.00,"Personal Loan",12.32,2025-03-01,Pending
990,171,806120.00,"Personal Loan",9.81,2023-01-09,Closed
991,463,992841.00,"Personal Loan",10.53,2024-11-26,Pending
992,187,410512.00,"Home Loan",14.05,2023-01-29,Pending
993,232,1179462.00,"Personal Loan",8.59,2024-03-02,Closed
994,222,1355002.00,"Home Loan",8.12,2023-06-28,Pending
995,128,866628.00,"Home Loan",11.57,2024-09-23,Closed
996,430,1376014.00,"Business Loan",8.94,2023-07-16,Pending
997,91,1213301.00,"Personal Loan",14.49,2023-09-08,Pending
998,33,899398.00,"Education Loan",14.29,2023-11-16,Approved
999,71,888612.00,"Personal Loan",11.96,2024-09-08,Pending
1000,389,324195.00,"Education Loan",10.95,2024-07-22,Closed
